Number,Name,Year,Theme,Pieces,Minifigs,US Retail Price,US Start Date
10179,Ultimate Collector's Millennium Falcon,2007,Star Wars,5197,5,499.99,2007-10-24
4993,Cool Convertible,2008,Creator,648,,49.99,2008-05-26
8293,LEGO® Power Functions Motor Set,2008,Power Functions,10,,29.99,2008-06-27
6745,Propeller Power,2009,Creator,247,,19.99,2008-12-05
6747,Race Rider,2009,Creator,266,,19.99,2008-12-28
21003,Seattle Space Needle,2009,Architecture,57,,19.99,2009-02-01
8878,Rechargeable Battery Box,2009,Power Functions,1,,49.99,2009-04-02
6753,Highway Transport,2009,Creator,1294,,89.99,2009-06-04
8258,Crane Truck,2009,Technic,1877,,149.99,2009-07-01
5892,Sonic Boom,2010,Creator,539,,59.99,2010-05-29
8043,Motorized Excavator,2010,Technic,1123,,199.99,2010-08-09
10214,Tower Bridge,2010,Advanced models,4287,,239.99,2010-10-03
8070,Super Car,2011,Technic,1281,,119.99,2011-03-05
10218,Pet Shop,2011,Advanced models,2032,4,149.99,2011-05-12
8109,Flatbed Truck,2011,Technic,1115,,99.99,2011-08-05
10220,Volkswagen T1 Camper Van,2011,Advanced models,1334,,119.99,2011-09-28
7292,Propeller Adventures,2012,Creator,241,,19.99,2011-11-11
9392,Quad Bike,2012,Technic,199,,24.99,2011-12-15
9489,Endor Rebel Trooper & Imperial Trooper Battle Pack,2012,Star Wars,77,4,12.99,2012-02-02
9492,TIE Fighter,2012,Star Wars,413,4,54.99,2012-02-02
9495,Gold Leader's Y-wing Starfighter,2012,Star Wars,458,3,49.99,2012-02-02
9493,X-wing Starfighter,2012,Star Wars,560,4,59.99,2012-02-21
10225,R2-D2,2012,Star Wars,2127,1,179.99,2012-05-04
21102,Minecraft Micro World: The Forest,2012,Ideas,480,2,34.99,2012-06-19
9396,Helicopter,2012,Technic,1056,,119.99,2012-07-23
9398,4x4 Crawler,2012,Technic,1327,,199.99,2012-07-23
10227,B-wing Starfighter,2012,Star Wars,1487,,199.99,2012-10-01
8831,Computer Programmer,2012,Collectable Minifigures,7,1,,
8833,DJ,2012,Collectable Minifigures,7,1,,
42007,Moto Cross Bike,2013,Technic,253,,39.99,2012-12-28
10232,Palace Cinema,2013,Creator Expert,2196,6,149.99,2013-03-01
42000,Grand Prix Racer,2013,Technic,1141,,129.99,2013-03-01
10240,Red Five X-wing Starfighter,2013,Star Wars,1559,1,199.99,2013-05-05
31011,Aviation Adventures,2013,Creator,618,,59.99,2013-05-29
21050,Studio,2013,Architecture,1210,,159.99,2013-08-01
21103,The DeLorean Time Machine,2013,Ideas,401,2,34.99,2013-08-01
42009,Mobile Crane MK II,2013,Technic,2606,,219.99,2013-08-01
75019,AT-TE,2013,Star Wars,794,5,89.99,2013-08-01
10236,Ewok Village,2013,Star Wars,1990,17,249.99,2013-09-01
21105,The Village,2013,Minecraft,466,3,34.99,2013-09-02
21106,The Nether,2013,Minecraft,469,3,34.99,2013-09-02
31313,Mindstorms EV3,2013,Mindstorms,601,,349.99,2013-09-02
45514,Cable Pack,2013,Education,7,,24.95,2014-01-04
45501,DC Rechargeable Battery,2013,Education,1,,99.95,2014-12-30
45504,EV3 Ultrasonic Sensor,2013,Mindstorms,1,,39.95,2014-12-30
45505,EV3 Gyro Sensor,2013,Mindstorms,1,,34.99,2015-01-29
5001622,LEGO Store Employee,2013,Promotional,5,1,,
71001,Librarian,2013,Collectable Minifigures,7,1,,
71001,Baseball Fielder,2013,Collectable Minifigures,5,1,,
71002,Yeti,2013,Collectable Minifigures,5,1,,
70807,MetalBeard's Duel,2014,The LEGO Movie,412,3,34.99,2013-12-30
10243,Parisian Restaurant,2014,Creator Expert,2469,5,159.99,2014-01-02
71006,The Simpsons House,2014,The Simpsons,2523,6,199.99,2014-02-03
70810,MetalBeard's Sea Cow,2014,The LEGO Movie,2741,5,249.99,2014-03-05
75059,Sandcrawler,2014,Star Wars,3296,14,299.99,2014-05-04
31026,Bike Shop & Cafe,2014,Creator,1023,3,89.99,2014-05-27
60051,High-speed Passenger Train,2014,City,610,3,149.99,2014-05-27
60052,Cargo Train,2014,City,888,4,199.99,2014-05-29
21107,The End,2014,Minecraft,440,4,34.99,2014-06-03
21108,Ghostbusters Ecto-1,2014,Ideas,508,4,49.99,2014-06-03
70814,Emmet's Construct-o-Mech,2014,The LEGO Movie,708,4,59.99,2014-06-03
70816,"Benny's Spaceship, Spaceship, SPACESHIP!",2014,The LEGO Movie,940,7,99.99,2014-06-03
10242,MINI Cooper MK VII,2014,Creator Expert,1077,,99.99,2014-08-01
42025,Cargo Plane,2014,Technic,1297,,139.99,2014-08-02
42028,Bulldozer,2014,Technic,617,,49.99,2014-08-02
75048,The Phantom,2014,Star Wars,234,2,24.99,2014-08-02
75053,The Ghost,2014,Star Wars,929,4,89.99,2014-08-02
42029,Customised Pick-Up Truck,2014,Technic,1063,,99.99,2014-08-09
42030,Volvo L350F Wheel Loader,2014,Technic,1636,,249.99,2014-08-20
10245,Santa's Workshop,2014,Creator Expert,883,6,69.99,2014-09-18
76023,The Tumbler,2014,DC Comics Super Heroes,1869,2,199.99,2014-12-24
21109,Exo Suit,2014,Ideas,321,2,34.99,2014-12-28
5002812,Classic Spaceman Minifigure,2014,Space,19,2,,
71007,Video Game Guy,2014,Collectable Minifigures,6,1,,
71007,Piggy Guy,2014,Collectable Minifigures,6,1,,
10246,Detective's Office,2015,Creator Expert,2262,6,159.99,2015-01-01
10696,Medium Creative Brick Box,2015,Classic,484,,34.99,2015-01-01
42041,Race Truck,2015,Technic,608,,69.99,2015-01-01
60084,Racing Bike Transporter,2015,City,178,2,19.99,2015-01-01
70817,Batman & Super Angry Kitty Attack,2015,The LEGO Movie,115,3,9.99,2015-01-01
70818,Double-Decker Couch,2015,The LEGO Movie,197,5,14.99,2015-01-01
75060,Slave I,2015,Star Wars,1996,5,199.99,2015-01-01
75082,TIE Advanced Prototype,2015,Star Wars,355,3,39.99,2015-01-01
75087,Anakin's Custom Jedi Starfighter,2015,Star Wars,370,3,39.99,2015-01-01
10699,32x32 Sand Baseplate,2015,Classic,1,,7.99,2015-01-02
10700,32x32 Green Baseplate,2015,Classic,1,,7.99,2015-01-07
10701,48x48 Grey Baseplate,2015,Classic,1,,14.99,2015-01-07
70413,The Brick Bounty,2015,Pirates,745,7,99.99,2015-03-01
75913,F14 T & Scuderia Ferrari Truck,2015,Speed Champions,884,6,99.99,2015-03-01
45517,Transformer 10V DC,2015,Mindstorms,1,,34.95,2015-04-15
71016,Kwik-E-Mart,2015,The Simpsons,2179,6,199.99,2015-05-02
75095,TIE Fighter,2015,Star Wars,1685,1,199.99,2015-05-03
31039,Blue Power Jet,2015,Creator,608,,69.99,2015-05-18
60095,Deep Sea Exploration Vessel,2015,City,717,7,119.99,2015-05-18
60080,Spaceport,2015,City,586,5,119.99,2015-05-19
75093,Death Star Final Duel,2015,Star Wars,724,5,79.99,2015-06-01
75094,Imperial Shuttle Tydirium,2015,Star Wars,937,5,99.99,2015-06-01
10248,Ferrari F40,2015,Creator Expert,1158,,99.99,2015-08-02
21302,The Big Bang Theory,2015,Ideas,484,7,59.99,2015-08-02
42036,Street Motorcycle,2015,Technic,375,,39.99,2015-08-02
42039,24 Hours Race Car,2015,Technic,1219,,129.99,2015-08-02
42040,Fire Plane,2015,Technic,578,,49.99,2015-08-02
42042,Crawler Crane,2015,Technic,1401,,149.99,2015-08-02
60096,Deep Sea Operation Base,2015,City,907,5,99.99,2015-08-02
60098,Heavy-Haul Train,2015,City,984,5,199.99,2015-08-02
75904,Mystery Mansion,2015,Scooby-Doo,860,6,89.99,2015-08-08
75902,The Mystery Machine,2015,Scooby-Doo,301,3,29.99,2015-08-29
75099,Rey's Speeder,2015,Star Wars,193,2,19.99,2015-09-05
75102,Poe's X-wing Fighter,2015,Star Wars,717,4,79.99,2015-09-05
75103,First Order Transporter,2015,Star Wars,792,7,89.99,2015-09-05
75105,Millennium Falcon,2015,Star Wars,1329,7,149.99,2015-09-05
75111,Darth Vader,2015,Star Wars,160,,29.99,2015-09-05
21303,WALL-E,2015,Ideas,677,,59.99,2015-09-25
10249,Winter Toy Shop,2015,Creator Expert,898,8,79.99,2015-10-02
21304,Doctor Who,2015,Ideas,623,6,59.99,2015-12-02
5003082,Classic Pirate Minifigure,2015,Pirates,24,1,,
71008,Unicorn Girl,2015,Collectable Minifigures,7,1,,
71008,Alien Trooper,2015,Collectable Minifigures,6,1,,
71008,Hot Dog Man,2015,Collectable Minifigures,5,1,,
71008,Galaxy Trooper,2015,Collectable Minifigures,8,1,,
71010,Square Foot,2015,Collectable Minifigures,4,1,,
60113,Rally Car,2016,City,104,1,9.99,2015-12-02
10251,Brick Bank,2016,Creator Expert,2380,5,169.99,2016-01-02
21027,Berlin,2016,Architecture,289,,29.99,2016-01-02
31048,Lakeside Lodge,2016,Creator,368,1,29.99,2016-01-02
42050,Drag Racer,2016,Technic,647,,79.99,2016-01-02
42052,Heavy Lift Helicopter,2016,Technic,1042,,139.99,2016-01-02
75114,First Order Stormtrooper,2016,Star Wars,81,,19.99,2016-01-02
75140,Resistance Troop Transporter,2016,Star Wars,646,4,69.99,2016-01-02
75827,Firehouse Headquarters,2016,Ghostbusters,4634,10,349.99,2016-01-02
40165,Minifigure Wedding Favour Set,2016,Miscellaneous,89,2,9.99,2016-03-01
75136,Droid Escape Pod,2016,Star Wars,197,4,24.99,2016-03-01
75137,Carbon-Freezing Chamber,2016,Star Wars,231,4,24.99,2016-03-01
75871,Ford Mustang GT,2016,Speed Champions,185,1,14.99,2016-03-01
75872,Audi R18 e-tron quattro,2016,Speed Champions,166,1,14.99,2016-03-01
75873,Audi R8 LMS ultra,2016,Speed Champions,175,1,14.99,2016-03-01
75874,Chevrolet Camaro Drag Race,2016,Speed Champions,445,3,29.99,2016-03-01
76052,Batman Classic TV Series - Batcave,2016,DC Comics Super Heroes,2526,9,269.99,2016-03-01
21305,Maze,2016,Ideas,769,,69.99,2016-04-02
71012,Ursula,2016,Collectable Minifigures,5,1,3.99,2016-05-02
31049,Twin Spin Helicopter,2016,Creator,326,,29.99,2016-05-22
31051,Lighthouse Point,2016,Creator,528,2,59.99,2016-05-22
31052,Vacation Getaways,2016,Creator,792,2,69.99,2016-05-22
31053,Treehouse Adventures,2016,Creator,387,2,34.99,2016-05-22
60101,Airport Cargo Plane,2016,City,157,2,24.99,2016-05-22
60103,Airport Air Show,2016,City,670,6,89.99,2016-05-22
75149,Resistance X-wing Fighter,2016,Star Wars,740,4,79.99,2016-06-01
75150,Vader's TIE Advanced vs. A-wing Starfighter,2016,Star Wars,702,4,89.99,2016-06-01
75157,Captain Rex's AT-TE,2016,Star Wars,972,5,119.99,2016-06-01
10253,Big Ben,2016,Creator Expert,4163,,249.99,2016-07-02
71013,Babysitter,2016,Collectable Minifigures,6,2,3.99,2016-07-26
42056,Porsche 911 GT3 RS,2016,Technic,2704,,299.99,2016-07-30
10252,Volkswagen Beetle,2016,Creator Expert,1167,,99.99,2016-08-01
42053,Volvo EW160E,2016,Technic,1166,,119.99,2016-08-01
42055,Bucket Wheel Excavator,2016,Technic,3929,,279.99,2016-08-01
60104,Airport Passenger Terminal,2016,City,694,6,99.99,2016-08-01
75158,Rebel Combat Frigate,2016,Star Wars,936,5,109.99,2016-08-01
60133,City Advent Calendar,2016,City,290,7,29.99,2016-09-17
75146,Star Wars Advent Calendar,2016,Star Wars,282,11,39.99,2016-09-17
75152,Imperial Assault Hovertank,2016,Star Wars,385,3,29.99,2016-10-01
75153,AT-ST Walker,2016,Star Wars,449,3,39.99,2016-10-01
75154,TIE Striker,2016,Star Wars,543,4,69.99,2016-10-01
75155,Rebel U-wing Fighter,2016,Star Wars,659,5,79.99,2016-10-01
75159,Death Star,2016,Star Wars,4016,27,499.99,2016-10-01
10254,Winter Holiday Train,2016,Creator Expert,734,5,99.99,2016-10-02
71040,Disney Castle,2016,Disney,4080,7,349.99,2016-10-06
21306,The Beatles Yellow Submarine,2016,Ideas,553,5,59.99,2016-11-01
40205,Little Elf Helpers,2016,Seasonal,238,,9.99,2016-11-20
40206,LEGO Santa,2016,Seasonal,155,,9.99,2016-11-20
40220,London Bus,2016,Creator,118,,9.99,2020-08-01
21307,Caterham Seven 620R,2016,Ideas,771,,,
30372,Robin's Mini Fortrex,2016,Nexo Knights,45,1,,
30602,First Order Stormtrooper,2016,Star Wars,7,1,,
40221,Fountain,2016,Creator,105,2,,
40222,Christmas Build-Up,2016,Seasonal,250,,,
40223,Snowglobe,2016,Seasonal,215,1,,
5004419,Classic Knights Minifigure,2016,Castle,47,1,,
5004420,Toy Soldier,2016,Seasonal,34,,,
5004468,Iconic Easter Minifigure,2016,Seasonal,4,1,,
5005156,Gingerbread Man,2016,Seasonal,3,1,,
71011,Astronaut,2016,Collectable Minifigures,8,1,,
71011,Frightening Knight,2016,Collectable Minifigures,7,1,,
71011,Shark Suit Guy,2016,Collectable Minifigures,4,1,,
71012,Stitch,2016,Collectable Minifigures,3,1,,
71012,Alien,2016,Collectable Minifigures,3,1,,
71012,Buzz Lightyear,2016,Collectable Minifigures,7,1,,
71012,Aladdin,2016,Collectable Minifigures,5,1,,
71012,Genie,2016,Collectable Minifigures,6,1,,
71012,Maleficent,2016,Collectable Minifigures,9,1,,
71012,Alice,2016,Collectable Minifigures,7,1,,
71012,Cheshire Cat,2016,Collectable Minifigures,4,1,,
71012,Daisy Duck,2016,Collectable Minifigures,5,1,,
71012,Donald Duck,2016,Collectable Minifigures,5,1,,
71012,Minnie Mouse,2016,Collectable Minifigures,5,1,,
71012,Mickey Mouse,2016,Collectable Minifigures,3,1,,
71012,Mr. Incredible,2016,Collectable Minifigures,5,1,,
71012,Syndrome,2016,Collectable Minifigures,6,1,,
71012,Peter Pan,2016,Collectable Minifigures,6,1,,
71012,Captain Hook,2016,Collectable Minifigures,5,1,,
71012,Ariel,2016,Collectable Minifigures,6,1,,
71012,LEGO Minifigures - Disney Series - Complete,2016,Collectable Minifigures,95,18,,
71013,Ice Queen,2016,Collectable Minifigures,11,1,,
71013,Desert Warrior,2016,Collectable Minifigures,5,1,,
71013,Cyborg,2016,Collectable Minifigures,7,1,,
71013,Cute Little Devil,2016,Collectable Minifigures,9,1,,
71013,Spooky Boy,2016,Collectable Minifigures,6,1,,
71013,Hiker,2016,Collectable Minifigures,7,1,,
71013,Wildlife Photographer,2016,Collectable Minifigures,7,1,,
71013,Kickboxer,2016,Collectable Minifigures,6,1,,
71013,Scallywag Pirate,2016,Collectable Minifigures,6,1,,
71013,Penguin Boy,2016,Collectable Minifigures,6,1,,
71013,Rogue,2016,Collectable Minifigures,6,1,,
71013,Dog Show Winner,2016,Collectable Minifigures,6,1,,
71013,Mariachi,2016,Collectable Minifigures,6,1,,
71013,Spy,2016,Collectable Minifigures,8,1,,
71013,Banana Guy,2016,Collectable Minifigures,4,1,,
71013,LEGO Minifigures - Series 16 - Complete,2016,Collectable Minifigures,106,17,,
31058,Mighty Dinosaurs,2017,Creator,174,,14.99,2016-11-27
60145,Buggy,2017,City,81,1,9.99,2016-11-27
60146,Stunt Truck,2017,City,91,1,9.99,2016-11-27
70901,Mr. Freeze Ice Attack,2017,The LEGO Batman Movie,201,3,19.99,2016-11-27
70905,The Batmobile,2017,The LEGO Batman Movie,581,5,59.99,2016-11-27
70906,The Joker Notorious Lowrider,2017,The LEGO Batman Movie,433,3,49.99,2016-11-27
70909,Batcave Break-In,2017,The LEGO Batman Movie,1047,7,99.99,2016-11-27
10255,Assembly Square,2017,Creator Expert,4002,9,299.99,2017-01-02
21033,Chicago,2017,Architecture,444,,39.99,2017-01-02
21034,London,2017,Architecture,468,,39.99,2017-01-02
31062,Robo Explorer,2017,Creator,205,,19.99,2017-01-02
70900,The Joker Balloon Escape,2017,The LEGO Batman Movie,124,2,14.99,2017-01-02
70902,Catwoman Catcycle Chase,2017,The LEGO Batman Movie,139,3,19.99,2017-01-02
70903,The Riddler Riddle Racer,2017,The LEGO Batman Movie,254,5,29.99,2017-01-02
70904,Clayface Splat Attack,2017,The LEGO Batman Movie,448,2,34.99,2017-01-02
70907,Killer Croc Tail-Gator,2017,The LEGO Batman Movie,460,4,69.99,2017-01-02
70908,The Scuttler,2017,The LEGO Batman Movie,775,6,79.99,2017-01-02
70910,Scarecrow Special Delivery,2017,The LEGO Batman Movie,204,3,19.99,2017-01-02
70911,The Penguin Arctic Roller,2017,The LEGO Batman Movie,305,2,29.99,2017-01-02
70912,Arkham Asylum,2017,The LEGO Batman Movie,1628,13,149.99,2017-01-02
40172,Brick Calendar,2017,Miscellaneous,278,1,19.99,2017-01-17
42063,BMW R 1200 GS Adventure,2017,Technic,603,,59.99,2017-02-17
75168,Yoda's Jedi Starfighter,2017,Star Wars,262,2,24.99,2017-02-17
75169,Duel on Naboo,2017,Star Wars,208,3,24.99,2017-02-17
75170,The Phantom,2017,Star Wars,269,3,29.99,2017-02-17
75172,Y-wing Starfighter,2017,Star Wars,691,5,59.99,2017-02-17
75173,Luke's Landspeeder,2017,Star Wars,149,4,19.99,2017-02-17
75174,Desert Skiff Escape,2017,Star Wars,277,4,29.99,2017-02-17
75175,A-wing Starfighter,2017,Star Wars,358,3,39.99,2017-02-17
75877,Mercedes-AMG GT3,2017,Speed Champions,196,1,14.99,2017-02-17
75879,Scuderia Ferrari SF16-H,2017,Speed Champions,184,1,14.99,2017-02-17
75881,2016 Ford GT & 1966 Ford GT40,2017,Speed Champions,366,3,29.99,2017-02-17
76081,The Milano vs. The Abilisk,2017,Marvel Super Heroes,460,5,49.99,2017-02-17
41585,Batman,2017,BrickHeadz,91,,9.99,2017-03-01
41586,Batgirl,2017,BrickHeadz,99,,9.99,2017-03-01
41587,Robin,2017,BrickHeadz,101,,9.99,2017-03-01
41588,The Joker,2017,BrickHeadz,151,,9.99,2017-03-01
41589,Captain America,2017,BrickHeadz,79,,9.99,2017-03-01
41590,Iron Man,2017,BrickHeadz,96,,9.99,2017-03-01
41591,Black Widow,2017,BrickHeadz,143,,9.99,2017-03-01
41592,The Hulk,2017,BrickHeadz,93,,9.99,2017-03-01
41595,Belle,2017,BrickHeadz,139,,9.99,2017-03-01
41596,Beast,2017,BrickHeadz,116,,9.99,2017-03-01
41593,Captain Jack Sparrow,2017,BrickHeadz,109,,9.99,2017-04-02
41594,Captain Armando Salazar,2017,BrickHeadz,118,,9.99,2017-04-02
71018,Highwayman,2017,Collectable Minifigures,8,1,3.99,2017-05-02
75144,Snowspeeder,2017,Star Wars,1703,2,199.99,2017-05-05
71267,The Goonies Level Pack,2017,Dimensions,118,1,29.99,2017-05-10
31066,Space Shuttle Explorer,2017,Creator,285,1,29.99,2017-05-29
31070,Turbo Track Racer,2017,Creator,664,,59.99,2017-05-29
21309,NASA Apollo Saturn V,2017,Ideas,1969,,119.99,2017-06-02
70913,Scarecrow Fearful Face-off,2017,The LEGO Batman Movie,141,2,14.99,2017-06-02
70914,Bane Toxic Truck Attack,2017,The LEGO Batman Movie,366,3,49.99,2017-06-02
70915,Two-Face Double Demolition,2017,The LEGO Batman Movie,564,4,59.99,2017-06-02
70916,The Batwing,2017,The LEGO Batman Movie,1053,3,89.99,2017-06-02
70917,The Ultimate Batmobile,2017,The LEGO Batman Movie,1456,8,139.99,2017-06-02
75182,Republic Fighter Tank,2017,Star Wars,305,4,24.99,2017-06-02
75183,Darth Vader Transformation,2017,Star Wars,282,6,24.99,2017-06-02
75191,Jedi Starfighter with Hyperdrive,2017,Star Wars,825,4,99.99,2017-06-02
75531,Stormtrooper Commander,2017,Star Wars,100,,24.99,2017-06-02
75532,Scout Trooper & Speeder Bike,2017,Star Wars,452,,54.99,2017-06-02
10258,London Bus,2017,Creator Expert,1686,,139.99,2017-08-01
42065,RC Tracked Racer,2017,Technic,370,,99.99,2017-08-01
70618,Destiny's Bounty,2017,The LEGO Ninjago Movie,2295,7,159.99,2017-08-01
70620,NINJAGO City,2017,The LEGO Ninjago Movie,4867,19,299.99,2017-09-01
21310,Old Fishing Store,2017,Ideas,2049,4,149.99,2017-09-02
60155,City Advent Calendar,2017,City,248,6,29.99,2017-09-02
75184,Star Wars Advent Calendar,2017,Star Wars,309,8,39.99,2017-09-02
71349,Beetlejuice Fun Pack,2017,Dimensions,56,1,14.99,2017-09-13
41487,Lloyd,2017,BrickHeadz,102,,9.99,2017-09-24
41488,Master Wu,2017,BrickHeadz,89,,9.99,2017-09-24
21312,Women of NASA,2017,Ideas,231,4,24.99,2017-11-01
41485,Finn,2017,BrickHeadz,91,,9.99,2017-11-01
41486,Captain Phasma,2017,BrickHeadz,127,,9.99,2017-11-01
70922,The Joker Manor,2017,The LEGO Batman Movie,3444,10,269.99,2017-11-25
75192,Millennium Falcon,2017,Star Wars,7541,8,849.99,2018-01-10
30607,Disco Batman - Tears of Batman,2017,The LEGO Batman Movie,13,2,3.99,2020-06-02
30449,The Milano,2017,Marvel Super Heroes,64,,,
30524,The Mini Batwing,2017,The LEGO Batman Movie,80,,,
30609,Lloyd,2017,The LEGO Ninjago Movie,6,1,,
30611,R2-D2,2017,Star Wars,70,,,
40176,Scarif Stormtrooper,2017,Star Wars,25,1,,
40178,Iconic VIP Set,2017,Promotional,205,2,,
40251,Mini Piggy Bank,2017,Creator,248,,,
40253,Christmas Build-Up,2017,Seasonal,254,,,
40268,R3-M2,2017,Star Wars,21,1,,
40308,Lester,2017,Promotional,5,1,,
5004930,Accessory pack,2017,The LEGO Batman Movie,41,1,,
5004932,Travel Building Suitcase,2017,Promotional,41,1,,
5004938,NINJAGO Minifigure Collection,2017,Ninjago,29,4,,
5004939,The LEGO Batman Movie Minifigure Collection,2017,The LEGO Batman Movie,27,4,,
5004941,Classic Minifigure Collection,2017,Collectable Minifigures,18,4,,
5005326,Canvas Tote Bag,2017,Gear,,,,
71017,Lobster-Lovin' Batman,2017,Collectable Minifigures,6,1,,
71017,Glam Metal Batman,2017,Collectable Minifigures,7,1,,
71017,Fairy Batman,2017,Collectable Minifigures,7,1,,
71017,Clan of the Cave Batman,2017,Collectable Minifigures,6,1,,
71017,Vacation Batman,2017,Collectable Minifigures,7,1,,
71017,Barbara Gordon,2017,Collectable Minifigures,7,1,,
71017,Commissioner Gordon,2017,Collectable Minifigures,6,1,,
71017,Arkham Asylum Joker,2017,Collectable Minifigures,5,1,,
71017,Dick Grayson,2017,Collectable Minifigures,6,1,,
71017,Pink Power Batgirl,2017,Collectable Minifigures,7,1,,
71017,Red Hood,2017,Collectable Minifigures,8,1,,
71017,Eraser,2017,Collectable Minifigures,5,1,,
71017,Nurse Harley Quinn,2017,Collectable Minifigures,6,1,,
71017,Orca,2017,Collectable Minifigures,4,1,,
71017,Zodiac Master,2017,Collectable Minifigures,5,1,,
71017,Catman,2017,Collectable Minifigures,8,1,,
71017,March Harriet,2017,Collectable Minifigures,5,1,,
71017,Calculator,2017,Collectable Minifigures,7,1,,
71017,King Tut,2017,Collectable Minifigures,7,1,,
71017,Mime,2017,Collectable Minifigures,6,1,,
71017,LEGO Minifigures - The LEGO Batman Movie Series - Complete,2017,Collectable Minifigures,125,20,,
71018,Professional Surfer,2017,Collectable Minifigures,5,1,,
71018,Circus Strong Man,2017,Collectable Minifigures,5,1,,
71018,Gourmet Chef,2017,Collectable Minifigures,6,1,,
71018,Corn Cob Guy,2017,Collectable Minifigures,4,1,,
71018,Veterinarian,2017,Collectable Minifigures,5,1,,
71018,Hot Dog Man,2017,Collectable Minifigures,7,1,,
71018,Butterfly Girl,2017,Collectable Minifigures,9,1,,
71018,Roman Gladiator,2017,Collectable Minifigures,5,1,,
71018,Connoisseur,2017,Collectable Minifigures,6,1,,
71018,Battle Dwarf,2017,Collectable Minifigures,8,1,,
71018,Retro Spaceman,2017,Collectable Minifigures,6,1,,
71018,Yuppie,2017,Collectable Minifigures,7,1,,
71018,Rocket Boy,2017,Collectable Minifigures,6,1,,
71018,Dance Instructor,2017,Collectable Minifigures,6,1,,
71018,Elf Girl,2017,Collectable Minifigures,6,1,,
71018,LEGO Minifigures - Series 17 - Complete,2017,Collectable Minifigures,99,16,,
71019,Kai Kendo,2017,Collectable Minifigures,7,1,,
71019,Spinjitzu Training Nya,2017,Collectable Minifigures,6,1,,
71019,Lloyd,2017,Collectable Minifigures,9,1,,
71019,Master Wu,2017,Collectable Minifigures,8,1,,
71019,Garmadon,2017,Collectable Minifigures,7,1,,
71019,Jay Walker,2017,Collectable Minifigures,9,1,,
71019,Lloyd Garmadon,2017,Collectable Minifigures,6,1,,
71019,Cole,2017,Collectable Minifigures,5,1,,
71019,Misako,2017,Collectable Minifigures,5,1,,
71019,Zane,2017,Collectable Minifigures,5,1,,
71019,Shark Army General #1,2017,Collectable Minifigures,7,1,,
71019,Shark Army Octopus,2017,Collectable Minifigures,8,1,,
71019,Shark Army Angler,2017,Collectable Minifigures,7,1,,
71019,Shark Army Great White,2017,Collectable Minifigures,6,1,,
71019,Flashback Garmadon,2017,Collectable Minifigures,8,1,,
71019,Volcano Garmadon,2017,Collectable Minifigures,7,1,,
71019,Gong & Guitar Rocker,2017,Collectable Minifigures,6,1,,
71019,GPL Tech,2017,Collectable Minifigures,6,1,,
71019,Sushi Chef,2017,Collectable Minifigures,8,1,,
71019,N-POP Girl,2017,Collectable Minifigures,6,1,,
71019,LEGO Minifigures - The LEGO NINJAGO Movie Series - Complete,2017,Collectable Minifigures,136,20,,
10260,Downtown Diner,2018,Creator Expert,2480,6,169.99,2018-01-01
40270,Valentine's Bee,2018,BrickHeadz,140,,9.99,2018-01-01
41598,The Flash,2018,BrickHeadz,122,,9.99,2018-01-01
41599,Wonder Woman,2018,BrickHeadz,143,,9.99,2018-01-01
41600,Aquaman,2018,BrickHeadz,135,,9.99,2018-01-01
41601,Cyborg,2018,BrickHeadz,108,,9.99,2018-01-01
41602,Rey,2018,BrickHeadz,119,,9.99,2018-01-01
41603,Kylo Ren,2018,BrickHeadz,130,,9.99,2018-01-01
42078,Mack Anthem,2018,Technic,2595,,179.99,2018-01-01
70919,The Justice League Anniversary Party,2018,The LEGO Batman Movie,267,4,29.99,2018-01-01
70920,Egghead Mech Food Fight,2018,The LEGO Batman Movie,293,3,29.99,2018-01-01
75205,Mos Eisley Cantina,2018,Star Wars,376,4,39.99,2018-01-01
75533,Boba Fett,2018,Star Wars,144,,29.99,2018-01-01
21313,Ship in a Bottle,2018,Ideas,962,,69.99,2018-02-02
40271,Easter Bunny,2018,BrickHeadz,126,,9.99,2018-02-02
75884,1968 Ford Mustang Fastback,2018,Speed Champions,183,1,14.99,2018-03-02
75888,Porsche 911 RSR and 911 Turbo 3.0,2018,Speed Champions,391,3,29.99,2018-03-02
76105,The Hulkbuster: Ultron Edition,2018,Marvel Super Heroes,1363,1,119.99,2018-03-04
21314,TRON: Legacy,2018,Ideas,230,3,34.99,2018-04-01
41597,Go Brick Me,2018,BrickHeadz,708,,29.99,2018-04-02
41604,Iron Man MK50,2018,BrickHeadz,101,,9.99,2018-04-02
41605,Thanos,2018,BrickHeadz,105,,9.99,2018-04-02
41606,Star-Lord,2018,BrickHeadz,113,,9.99,2018-04-02
41607,Gamora,2018,BrickHeadz,136,,9.99,2018-04-02
41608,Han Solo,2018,BrickHeadz,141,,9.99,2018-04-02
41609,Chewbacca,2018,BrickHeadz,149,,9.99,2018-04-02
41614,Owen & Blue,2018,BrickHeadz,234,,19.99,2018-04-17
75932,Jurassic Park Velociraptor Chase,2018,Jurassic World,360,4,39.99,2018-04-17
41611,Marty McFly & Doc Brown,2018,BrickHeadz,240,,19.99,2018-04-18
41613,Mr. Incredible & Frozone,2018,BrickHeadz,160,,19.99,2018-04-21
41610,Tactical Batman & Superman,2018,BrickHeadz,209,,19.99,2018-05-02
75181,Y-wing Starfighter,2018,Star Wars,1967,2,199.99,2018-05-05
10261,Roller Coaster,2018,Creator Expert,4124,11,379.99,2018-06-02
42083,Bugatti Chiron,2018,Technic,3599,,349.99,2018-06-02
41615,Harry Potter & Hedwig,2018,BrickHeadz,180,,14.99,2018-07-02
41616,Hermione Granger,2018,BrickHeadz,127,,9.99,2018-07-02
41617,Elsa,2018,BrickHeadz,130,,9.99,2018-07-02
41621,Ron Weasley & Albus Dumbledore,2018,BrickHeadz,245,,19.99,2018-07-02
41623,Ariel & Ursula,2018,BrickHeadz,361,,19.99,2018-07-06
41618,Anna & Olaf,2018,BrickHeadz,201,,14.99,2018-07-11
41619,Darth Vader,2018,BrickHeadz,104,,9.99,2018-07-11
41620,Stormtrooper,2018,BrickHeadz,124,,9.99,2018-07-11
10262,James Bond Aston Martin DB5,2018,Creator Expert,1290,,149.99,2018-08-01
21311,Voltron,2018,Ideas,2321,,179.99,2018-08-01
41612,Steve & Creeper,2018,BrickHeadz,160,,19.99,2018-08-01
42082,Rough Terrain Crane,2018,Technic,4057,,299.99,2018-08-01
60197,Passenger Train,2018,City,677,4,159.99,2018-08-01
60198,Cargo Train,2018,City,1226,6,229.99,2018-08-01
70657,NINJAGO City Docks,2018,The LEGO Ninjago Movie,3553,14,229.99,2018-08-01
71022,Harry Potter,2018,Collectable Minifigures,8,1,3.99,2018-08-01
71022,LEGO Minifigures - Harry Potter and Fantastic Beasts Series - Sealed Box,2018,Collectable Minifigures,,,3.99,2018-08-06
41622,Peter Venkman & Slimer,2018,BrickHeadz,228,,19.99,2018-08-07
41624,Mickey Mouse,2018,BrickHeadz,109,,9.99,2018-08-21
41625,Minnie Mouse,2018,BrickHeadz,129,,9.99,2018-08-21
75953,Hogwarts Whomping Willow,2018,Harry Potter,753,6,69.99,2018-08-24
75954,Hogwarts Great Hall,2018,Harry Potter,878,10,99.99,2018-08-24
40272,Halloween Witch,2018,BrickHeadz,151,,9.99,2018-09-02
60201,City Advent Calendar,2018,City,313,6,29.99,2018-09-02
71043,Hogwarts Castle,2018,Harry Potter,6020,28,469.99,2018-09-02
75213,Star Wars Advent Calendar,2018,Star Wars,307,8,39.99,2018-09-02
75955,Hogwarts Express,2018,Harry Potter,801,6,79.99,2018-09-05
40273,Thanksgiving Turkey,2018,BrickHeadz,114,,9.99,2018-10-02
40274,Mr. & Mrs. Claus,2018,BrickHeadz,341,,19.99,2018-10-02
41626,Groot & Rocket,2018,BrickHeadz,189,,14.99,2018-10-02
41627,Luke Skywalker & Yoda,2018,BrickHeadz,215,,14.99,2018-10-02
41628,Princess Leia Organa,2018,BrickHeadz,124,,9.99,2018-10-02
41629,Boba Fett,2018,BrickHeadz,161,,9.99,2018-10-02
41630,Jack Skellington & Sally,2018,BrickHeadz,193,,19.99,2018-10-02
41631,Newt Scamander & Gellert Grindelwald,2018,BrickHeadz,247,,19.99,2018-10-02
41632,Homer Simpson & Krusty the Clown,2018,BrickHeadz,215,,19.99,2018-10-02
21315,Pop-Up Book,2018,Ideas,859,5,69.99,2018-11-02
40197,Wedding Favour Set 2018,2018,Miscellaneous,132,2,9.99,2019-01-11
40305,LEGO Brand Retail Store,2018,Promotional,362,2,24.99,2019-09-04
5005249,Easter Bunny Hut,2018,Seasonal,6,1,5.99,2020-10-28
40289,Diagon Alley,2018,Harry Potter,374,1,,
40290,60 Years of the LEGO Brick,2018,Promotional,421,,,
40291,Creative Personalities,2018,Promotional,307,2,,
40292,Christmas Gift Box,2018,Seasonal,301,2,,
5005230,Zane's Kendo Training Pod,2018,Ninjago,25,1,,
5005233,Hamleys Royal Guard,2018,Promotional,5,1,,
5005253,Christmas Ornament 2018 - Reindeer Head,2018,Seasonal,28,,,
5005254,Harry Potter Minifigure Collection,2018,Harry Potter,25,4,,
5005255,Jurassic World Minifigure Collection,2018,Jurassic World,18,3,,
5005256,Marvel Super Heroes Minifigure Collection,2018,Marvel Super Heroes,22,4,,
5005358,Minifigure Factory,2018,Promotional,86,1,,
5005376,Star Wars Anniversary Pod,2018,Star Wars,37,1,,
5005747,Black Card Display Stand,2018,Star Wars,42,1,,
71021,Elephant Girl,2018,Collectable Minifigures,6,1,,
71021,Brick Suit Guy,2018,Collectable Minifigures,5,1,,
71021,Brick Suit Girl,2018,Collectable Minifigures,5,1,,
71021,Party Clown,2018,Collectable Minifigures,8,1,,
71021,Firework Guy,2018,Collectable Minifigures,4,1,,
71021,Birthday Party Girl,2018,Collectable Minifigures,9,1,,
71021,Dragon Suit Guy,2018,Collectable Minifigures,6,1,,
71021,Classic Police Officer,2018,Collectable Minifigures,6,1,,
71021,Spider Suit Boy,2018,Collectable Minifigures,6,1,,
71021,Birthday Cake Guy,2018,Collectable Minifigures,6,1,,
71021,Cactus Girl,2018,Collectable Minifigures,4,1,,
71021,Cat Costume Girl,2018,Collectable Minifigures,6,1,,
71021,Race Car Guy,2018,Collectable Minifigures,6,1,,
71021,Flower Pot Girl,2018,Collectable Minifigures,5,1,,
71021,Cowboy Costume Guy,2018,Collectable Minifigures,5,1,,
71021,Birthday Party Boy,2018,Collectable Minifigures,9,1,,
71021,Unicorn Guy,2018,Collectable Minifigures,8,1,,
71021,LEGO Minifigures - Series 18 - Complete,2018,Collectable Minifigures,110,17,,
71022,Hermione Granger,2018,Collectable Minifigures,8,1,,
71022,Ron Weasley,2018,Collectable Minifigures,8,1,,
71022,Draco Malfoy,2018,Collectable Minifigures,10,1,,
71022,Luna Lovegood,2018,Collectable Minifigures,10,1,,
71022,Neville Longbottom,2018,Collectable Minifigures,10,1,,
71022,Cho Chang,2018,Collectable Minifigures,9,1,,
71022,Dean Thomas,2018,Collectable Minifigures,9,1,,
71022,Lord Voldemort,2018,Collectable Minifigures,7,1,,
71022,Dobby,2018,Collectable Minifigures,7,1,,
71022,Professor Sybill Trelawney,2018,Collectable Minifigures,9,1,,
71022,Cedric Diggory,2018,Collectable Minifigures,8,1,,
71022,Professor Filius Flitwick,2018,Collectable Minifigures,9,1,,
71022,Alastor 'Mad-Eye' Moody,2018,Collectable Minifigures,10,1,,
71022,Harry Potter (Invisibility Cloak),2018,Collectable Minifigures,8,1,,
71022,Professor Albus Dumbledore,2018,Collectable Minifigures,9,1,,
71022,Newt Scamander,2018,Collectable Minifigures,10,1,,
71022,Tina Goldstein,2018,Collectable Minifigures,9,1,,
71022,Jacob Kowalski,2018,Collectable Minifigures,9,1,,
71022,Queenie Goldstein,2018,Collectable Minifigures,8,1,,
71022,Credence Barebone,2018,Collectable Minifigures,6,1,,
71022,Percival Graves,2018,Collectable Minifigures,8,1,,
10264,Corner Garage,2019,Creator Expert,2569,6,199.99,2019-01-02
40348,Birthday Clown,2019,BrickHeadz,150,,9.99,2019-01-02
40349,Valentine's Puppy,2019,BrickHeadz,147,,9.99,2019-01-02
40354,Dragon Dance Guy,2019,BrickHeadz,170,,9.99,2019-01-02
75893,2018 Dodge Challenger SRT Demon and 1970 Dodge Charger R/T,2019,Speed Champions,478,3,29.99,2019-01-02
75894,1967 Mini Cooper S Rally and 2018 MINI John Cooper Works Buggy,2019,Speed Champions,481,4,49.99,2019-01-02
40350,Easter Chick,2019,BrickHeadz,120,,9.99,2019-02-02
70840,Welcome to Apocalypseburg!,2019,The LEGO Movie 2,3178,13,299.99,2019-02-02
10265,Ford Mustang,2019,Creator Expert,1471,,169.99,2019-03-01
21316,The Flintstones,2019,Ideas,748,4,59.99,2019-03-02
21317,Steamboat Willie,2019,Ideas,751,2,89.99,2019-04-01
75259,Snowspeeder – 20th Anniversary Edition,2019,Star Wars,309,4,39.99,2019-04-01
75244,Tantive IV,2019,Star Wars,1768,6,199.99,2019-05-05
10266,NASA Apollo 11 Lunar Lander,2019,Creator Expert,1087,2,99.99,2019-06-12
40367,Lady Liberty,2019,BrickHeadz,153,,9.99,2019-06-12
75810,The Upside Down,2019,Stranger Things,2287,8,199.99,2019-06-12
75936,Jurassic Park: T. rex Rampage,2019,Jurassic World,3120,6,249.99,2019-07-01
21318,Tree House,2019,Ideas,3036,4,249.99,2019-08-02
21319,Central Perk,2019,Ideas,1070,7,59.99,2019-09-01
60235,City Advent Calendar,2019,City,234,8,29.99,2019-09-01
75245,Star Wars Advent Calendar,2019,Star Wars,280,9,39.99,2019-09-01
75964,Harry Potter Advent Calendar,2019,Harry Potter,305,8,39.99,2019-09-01
71044,Disney Train and Station,2019,Disney,2925,5,329.99,2019-09-07
75895,1974 Porsche 911 Turbo 3.0,2019,Speed Champions,180,1,14.99,2019-09-12
75252,Imperial Star Destroyer,2019,Star Wars,4784,2,699.99,2019-10-01
40352,Thanksgiving Scarecrow,2019,BrickHeadz,177,,9.99,2019-10-02
21320,Dinosaur Fossils,2019,Ideas,910,2,59.99,2019-11-01
76139,1989 Batmobile,2019,DC Comics Super Heroes,3306,3,249.99,2019-11-30
40335,Space Rocket Ride,2019,Ideas,154,1,,
5005822,Ford Mustang / LEGO Key Chain,2019,Gear,,,,
6313291,Buildable 2x4 Red Brick,2019,Promotional,72,,,
10270,Bookshop,2020,Creator Expert,2504,5,199.99,2020-01-02
75267,Mandalorian Battle Pack,2020,Star Wars,102,4,14.99,2020-01-02
21321,International Space Station,2020,Ideas,864,,69.99,2020-02-02
40377,Donald Duck,2020,BrickHeadz,90,,9.99,2020-02-02
40378,Goofy & Pluto,2020,BrickHeadz,214,,14.99,2020-02-02
75317,The Mandalorian & The Child,2020,BrickHeadz,295,,19.99,2020-02-21
21322,Pirates of Barracuda Bay,2020,Ideas,2545,10,199.99,2020-04-01
75275,A-wing Starfighter,2020,Star Wars,1673,1,199.99,2020-05-02
10277,Crocodile Locomotive,2020,Icons,1271,2,99.99,2020-07-03
21323,Grand Piano,2020,Ideas,3662,,399.99,2020-08-02
71374,Nintendo Entertainment System,2020,Super Mario,2646,1,269.99,2020-08-02
31108,Caravan Family Holiday,2020,Creator,766,3,69.99,2020-08-24
31109,Pirate Ship,2020,Creator,1264,4,119.99,2020-08-24
75280,501st Legion Clone Troopers,2020,Star Wars,285,6,29.99,2020-08-24
60268,City Advent Calendar,2020,City,342,6,29.99,2020-09-01
75279,Star Wars Advent Calendar,2020,Star Wars,311,10,39.99,2020-09-01
75978,Diagon Alley,2020,Harry Potter,5544,17,449.99,2020-09-01
75981,Harry Potter Advent Calendar,2020,Harry Potter,335,6,39.99,2020-09-01
76161,1989 Batwing,2020,DC Comics Super Heroes,2363,3,199.99,2020-10-22
40409,Hot Rod,2020,Promotional,142,2,12.99,2020-10-28
21324,123 Sesame Street,2020,Ideas,1367,6,119.99,2020-11-01
10274,Ghostbusters ECTO-1,2020,Icons,2352,,239.99,2020-11-16
10276,Colosseum,2020,Icons,9036,,549.99,2020-11-28
40370,LEGO® Trains 40th Anniversary Set,2020,Promotional,188,1,19.99,2020-12-02
40410,Charles Dickens Tribute,2020,Seasonal,333,3,,
6346101,Buildable 2x4 Teal Brick,2020,Promotional,110,,,
10278,Police Station,2021,Icons,2923,5,199.99,2021-01-02
60283,Holiday Camper Van,2021,City,190,3,19.99,2021-01-02
71741,NINJAGO City Gardens,2021,Ninjago,5685,22,349.99,2021-01-16
21325,Medieval Blacksmith,2021,Ideas,2164,4,179.99,2021-02-02
10295,Porsche 911,2021,Icons,1458,,169.99,2021-02-17
21326,Winnie the Pooh,2021,Ideas,1265,5,99.99,2021-04-02
10283,NASA Space Shuttle Discovery,2021,Icons,2354,,199.99,2021-04-07
10292,The Friends Apartments,2021,Icons,2048,7,179.99,2021-06-05
40476,Daisy Duck,2021,BrickHeadz,110,,9.99,2021-06-05
40477,"Scrooge McDuck, Huey, Dewey & Louie",2021,BrickHeadz,340,,24.99,2021-06-05
40495,"Harry, Hermione, Ron & Hagrid",2021,BrickHeadz,466,,24.99,2021-06-05
40496,"Voldemort, Nagini & Bellatrix",2021,BrickHeadz,344,,24.99,2021-06-05
40516,Everyone is Awesome,2021,Icons,346,11,34.99,2021-06-05
76178,Daily Bugle,2021,Marvel Super Heroes,3772,25,349.99,2021-06-05
76901,Toyota GR Supra,2021,Speed Champions,299,1,19.99,2021-06-05
76905,Ford GT Heritage Edition and Bronco R,2021,Speed Champions,660,2,49.99,2021-06-10
76200,Bro Thor's New Asgard,2021,Marvel Super Heroes,265,3,29.99,2021-07-07
21328,Seinfeld,2021,Ideas,1326,5,79.99,2021-07-22
10279,Volkswagen T2 Camper Van,2021,Icons,2207,,179.99,2021-08-02
31120,Medieval Castle,2021,Creator,1426,4,99.99,2021-08-02
75309,Republic Gunship,2021,Star Wars,3292,2,399.99,2021-08-02
76193,The Guardians' Ship,2021,Marvel Super Heroes,1901,6,159.99,2021-08-02
60303,City Advent Calendar,2021,City,349,7,29.99,2021-09-03
75307,Star Wars Advent Calendar,2021,Star Wars,335,7,39.99,2021-09-03
76196,The Avengers Advent Calendar,2021,Marvel Super Heroes,298,8,39.99,2021-09-03
76390,Harry Potter Advent Calendar,2021,Harry Potter,274,6,39.99,2021-09-03
71395,Super Mario 64 Question Mark Block,2021,Super Mario,2064,,199.99,2021-10-02
21330,Home Alone,2021,Ideas,3955,5,299.99,2021-11-02
60310,Chicken Stunt Bike,2021,City,10,1,7.99,2021-11-23
10294,Titanic,2021,Icons,9090,,679.99,2021-12-05
75313,AT-AT,2021,Star Wars,6785,9,849.99,2021-12-05
40449,Easter Bunny's Carrot House,2021,Seasonal,232,,,
40484,Santa's Front Yard,2021,Seasonal,317,1,,
40486,Mini Adidas Originals Superstar,2021,Icons,92,1,,
40487,Sailboat Adventure,2021,Ideas,330,2,,
10297,Boutique Hotel,2022,Icons,3066,7,229.99,2022-01-02
21331,Sonic the Hedgehog - Green Hill Zone,2022,Ideas,1125,1,79.99,2022-01-02
75320,Snowtrooper Battle Pack,2022,Star Wars,105,4,19.99,2022-01-02
40539,Ahsoka Tano,2022,BrickHeadz,164,,9.99,2022-01-19
40558,Clone Trooper Command Station,2022,Star Wars,66,3,14.99,2022-01-19
40549,Demogorgon & Eleven,2022,BrickHeadz,192,,19.99,2022-02-02
40552,Buzz Lightyear,2022,BrickHeadz,114,,9.99,2022-02-02
40559,Road Runner & Wile E. Coyote,2022,BrickHeadz,205,,19.99,2022-02-02
76209,Thor's Hammer,2022,Marvel Super Heroes,979,1,99.99,2022-02-02
40553,Woody and Bo Peep,2022,BrickHeadz,296,,19.99,2022-02-11
76956,T. rex Breakout,2022,Jurassic World,1212,4,99.99,2022-02-12
75325,The Mandalorian's N-1 Starfighter,2022,Star Wars,412,4,59.99,2022-02-16
40550,Chip & Dale,2022,BrickHeadz,226,,19.99,2022-03-01
76908,Lamborghini Countach,2022,Speed Champions,262,1,19.99,2022-03-01
75329,Death Star Trench Run Diorama,2022,Star Wars,665,,69.99,2022-03-25
75330,Dagobah Jedi Training Diorama,2022,Star Wars,1000,3,89.99,2022-03-25
75339,Death Star Trash Compactor Diorama,2022,Star Wars,802,6,89.99,2022-03-25
10300,Back to the Future Time Machine,2022,Icons,1872,2,199.99,2022-04-02
76832,XL-15 Spaceship,2022,Disney,497,3,49.99,2022-04-25
75341,Luke Skywalker's Landspeeder,2022,Star Wars,1890,2,239.99,2022-05-07
76208,The Goat Boat,2022,Marvel Super Heroes,564,5,59.99,2022-05-07
76406,Hungarian Horntail Dragon,2022,Harry Potter,671,1,49.99,2022-05-07
21333,Vincent van Gogh - The Starry Night,2022,Ideas,2316,1,169.99,2022-05-28
10302,Optimus Prime,2022,Icons,1508,,179.99,2022-06-02
76216,Iron Man Armory,2022,Marvel Super Heroes,496,8,89.99,2022-06-02
10497,Galaxy Explorer,2022,Icons,1254,5,99.99,2022-06-20
40560,Professors of Hogwarts,2022,BrickHeadz,601,,39.99,2022-06-27
5007067,LEGO IDEAS Minifigure Space Mission Puzzle,2022,Gear,,,17.99,2022-06-30
10303,Loop Coaster,2022,Icons,3756,11,399.99,2022-07-02
21336,The Office,2022,Ideas,1164,15,119.99,2022-07-16
10305,Lion Knights' Castle,2022,Icons,4514,22,399.99,2022-07-26
10306,Atari 2600,2022,Icons,2532,1,239.99,2022-07-26
31132,Viking Ship and the Midgard Serpent,2022,Creator,1192,4,119.99,2022-07-26
60333,Bathtub Stunt Bike,2022,City,14,1,7.99,2022-07-26
60337,Express Passenger Train,2022,City,764,6,189.99,2022-07-26
76218,Sanctum Sanctorum,2022,Marvel Super Heroes,2708,9,249.99,2022-07-26
76911,007 Aston Martin DB5,2022,Speed Champions,298,1,19.99,2022-07-26
75340,Star Wars Advent Calendar,2022,Star Wars,329,8,44.99,2022-08-02
76404,Harry Potter Advent Calendar,2022,Harry Potter,334,8,44.99,2022-08-02
60352,City Advent Calendar,2022,City,287,6,34.99,2022-08-03
76405,Hogwarts Express - Collectors' Edition,2022,Harry Potter,5129,20,499.99,2022-08-11
21335,Motorized Lighthouse,2022,Ideas,2065,2,299.99,2022-08-19
76231,Guardians of the Galaxy Advent Calendar,2022,Marvel Super Heroes,268,6,44.99,2022-08-19
75331,The Razor Crest,2022,Star Wars,6187,4,599.99,2022-09-27
40515,Pirates and Treasure VIP Add On Pack,2022,Miscellaneous,103,2,,
40530,Jane Goodall Tribute,2022,Promotional,275,1,,
40531,Lars Family Homestead Kitchen,2022,Star Wars,195,1,,
40533,Cosmic Cardboard Adventures,2022,Ideas,203,1,,
40566,Ray the Castaway,2022,Ideas,239,1,,
40567,Forest Hideout,2022,Icons,258,2,,
6432430,Pirate Adventure Ride,2022,Promotional,168,,,
6432434,Dragon Adventure Ride,2022,Promotional,168,,,
71033,LEGO Minifigures - The Muppets Series - Complete,2022,Collectable Minifigures,74,12,,
910009,Modular LEGO Store,2022,Bricklink,2149,6,,
75345,501st Clone Troopers Battle Pack,2023,Star Wars,119,4,19.99,2022-12-20
40582,4x4 Off-Road Ambulance Rescue,2023,City,162,3,,
40586,Moving Truck,2023,Icons,301,,,
910002,Studgate Train Station,2023,Bricklink,4062,,,
910008,Modular Construction Site,2023,Bricklink,3371,,,
